NO,논문ID,논문명,논문 외국어명,저자,공동저자,학술지 명,학술지 외국어 명,발행기관 명,발행기관 외국어 명,등재 구분,발행년,권(호),페이지,논문번호,키워드(한국어),키워드(외국어),주제분야,피인용횟수,URL,DOI
1,ART002844508,Exploring Simondon’s Philosophy of Invention,시몽동의 발명 철학 탐색,이춘식(경인교육대학교),,실과교육연구,Journal of Korean Practical Arts Education Research,한국실과교육연구학회,The Society Of Korean Practical Arts Education,등재,202205,28(2),pp.1~20,,"Simondon’s philosophy of invention, Philosophy of technology, Philosophy of invention","시몽동의 발명철학, 시몽동의 기술철학, 발명철학",교육학,0,,
2,ART003127145,기술적 상상력이란 무엇인가?: 시몽동과 라투르를 중심으로,What is Technical Imagination?: Focusing on Simondon and Latour,김재희(을지대학교),,철학연구,Journal of The Society of philosophical studies,철학연구회,The Society Of Philosophical Studies,등재,202409,(146),pp.119~147,,"시몽동, 라투르, 기술적 상상력, 상상, 발명, 번역, 행위자연결망","Simondon, Latour, Technical Imagination, Imagination, Invention, Translation, Actor-Network",철학,0,https://doi.org/10.23908/JSPS.2024.9.146.119,10.23908/JSPS.2024.9.146.119
3,ART003199442,"기술과 종교의 종합, 가치와 규범의 소통: 시몽동의 메타윤리학","Synthesis of Technique and Religion, Communication of Values and Norms: Gilbert Simondon’s Metaethics",장태순(한림대학교),,근대 철학,Modern Philosophy,서양근대철학회,,등재,202504,25(),pp.201~223,,"시몽동, 메타윤리학, 개체화, 변환, 규범, 가치","Gilbert Simondon, Metaethics, Individuation, Transduction, Norm, Value",철학,0,http://modernphilosophy.kr/journal/thesis.asp,https://doi.org/10.52677/mph.2025.04.25.7
4,ART002953801,관계맺음 대상으로서 인공지능의 가능성 탐구 -시몽동과 해러웨이의 논의를 중심으로-,Exploring the Possibility of Artificial Intelligence as the Other of Relationship: Focusing on the Discourse of Simondon and Haraway,김아영(한국교원대학교),,한국교육논총,Korean Educational Research Journal,교육개발연구소,Education Research Institute,등재,202304,44(1),pp.91~124,,"도덕 교육, 인공지능 윤리, 시몽동, 해러웨이, 관계맺음","moral education, artificial intelligence ethics, Simondon, Haraway, relationship, moral relationship.",교육학,3,,https://doi.org/10.55152/KERJ.44.1.91
5,ART003293328,시몽동 이론의 여성주의적 읽기   : 삶의 초과와 넘쳐흐르는 성,A Feminist Reading of Simondon’s Theory :The Excess of Life and Overflowing Sexuality,오정진(부산대학교),,여성학논집,Women's Studies Review,한국여성연구원,"Korean Women's Institute, Ewha Womans University",등재,202512,42(2),pp.107~133,,"개체화, 전개체적, 개체초월적, 잠재성, 가능성","individuation, preindividual, transindividual, potential, possibility",여성학,0,,10.18341/wsr.2025.42.2.107
6,ART003312742,사전돌봄계획에 대한 생명윤리적 논쟁과 시몽동의 개체화 이론,,장태순(한림대학교),,생명연구,Studies on Life and Culture,생명문화연구소,Research Institute For Life And Culture Sogang University,등재,202602,79(),pp.23~44,,"사전돌봄계획, 선행자율성, 개체화, 변환",,서양철학,0,,
7,ART002815366,시몽동의 개체화론 관점에서 본 메타버스 공간 구축에 관한 연구,A Study on the Construction of Metaverse Space from the point of view Simondon's Individuation Theory,박정아(신안산대학교),,한국공간디자인학회 논문집,Journal of Korea Intitute of Spatial Design,한국공간디자인학회,Korean Institute of Spatial design,등재,202202,17(1),pp.253~264,,"질베르 시몽동, 개체화론, 메타버스 공간, 디지털 스페이스, 기술적 대상","Gilbert Simondon, Individuation, Metaverse Space, Digital Space, Technical objects",실내환경디자인,2,,10.35216/kisd.2022.17.1.253
8,ART003116048,"종교와 예술의 관계, 비디오 매체의 사례―시몽동, 낭시, 아감벤의 논의를 중심으로","A Study on the Relation between Religion and Art in the Case of Video Medium, Focusing on the Theories of Simondon, Nancy, and Agamben",김홍기(한국예술종합학교 미술원),,인문학연구,THE JOURNAL OF HUMANITIES,인문학연구원,Kyunghee University Institutes of Humanities,등재,202408,(60),pp.129~156,,"예술, 기술, 종교, 질베르 시몽동, 공동체, 비디오아트, 빌 비올라","Art, Technique, Religion, Gilbert Simondon, Community, Video Art, Bill Viola",기타인문학,0,http://dx.doi.org/10.35559/TJOH.60.4,10.35559/TJOH.60.4
9,ART003212562,e스포츠에서의 죽음과 부활: 시몽동의 개체화 이론을 통한 디지털 존재론과 윤리적 함의,Death and Resurrection in Esports: A Digital Ontology Study through Simondon’s Theory of Individuation,박성은(경성대학교),,한국스포츠학회,The Korean Journal of Sport,한국스포츠학회,Korea Sport Society,등재,202506,23(2),pp.31~52,,"e스포츠, 죽음, 시몽동, 개체화, 윤리","eSports, Death, Simondon, Individuation, Ethics",기타체육,0,,
10,ART003182349,‘질베르 시몽동(Gilbert Simondon)’ 철학에서 나타난 ‘기술개념’과 ‘필립 파레노(Philippe Parreno)’의 작품을 통한 확장된 조각의 현대화,"""The Concept of Technology in Gilbert Simondon's Philosophy and the Modernization of Expanded Sculpture Through the Works of Philippe Parreno""",김성윤(홍익대학교),고봉수(홍익대학교),한국휴먼이미지디자인,The Korean Human Image Design,한국휴먼이미지디자인학회,The Korean Human Image Design,등재,202503,7(1),pp.122~140,,"기술적 개체, 인공생명, 질베르 시몽동, 가변적 형상, 휴먼이미지, 필립 파레노","technological entity, artificial life, Gilbert Simondon, variable shape, human image, Philippe Parreno",감성문화/사회,0,,10.23082/hid.2025.7.1.007
11,ART002815321,시몽동의 기술철학에서 나타난 인간-기계 짝짓기의 가능성에 관해,Regarding the possibility of human-machine coupling in Simondon's philosophy of technology,김혜민(부산대학교),,코기토,Cogito,인문학연구소,Institute for Humanities,등재,202202,96(),pp.39~60,,"시몽동, 기술철학, 인간-기계, 자기-조절","Simondon, philosophy of technology, human-machine, self-regulation",기타인문학,1,,
12,ART003050204,기술적 삶의 두 가지 형식 - 칼 맑스(K. Marx)와 질베르 시몽동(G. Simondon)의 기술 담론을 중심으로 -,Two Forms of Technical Life - Focused on the Technological Discourse of Karl Marx (K. Marx) and Gilbert Simondon (G. Simondon) -,김현(전남대학교 철학연구교육센터),,철학논총,"CHULHAK-RONCHONG, Journal of the New Korean Philosophical Association",새한철학회,The New Korean Philosophical Association,등재,202401,115(1),pp.77~115,,"기술, 기술적 대상, 열린 기계, 인간-기계 아상블라주, 새롭게 생성된 인간","Technology, Technical Objects, Open Machine, Human-Machine Assemblage, Newly Created Human",철학,0,,http://dx.doi.org/10.20433/jnkpa.2024.01.77
13,ART003300504,시몽동의 구체화 이론을 통해 본 인공지능 생성예술: 구체화의 적용 가능성과 한계 탐색,,신종천(상지대학교 문화콘텐츠학과 교수),,한국과학예술융합학회,The Korean Society of Science & Art,한국전시산업융합연구원,korea institute of exhibition industry convergence,등재,202601,44(1),pp.401~417,,"질베르 시몽동, 구체화, 연합환경, 인공지능 생성예술, 인간-인공지능 협업 시스템",,학제간연구,0,,10.17548/ksaf.2026.01.30.401
14,ART003313721,"인공지능 알고리즘과 가치법칙: 알튀세르, 시몽동을 통해 본 자본의 계산적 생산성",,오윤구(고려대학교),,경제와 사회,Economy and Society,비판사회학회,Korean Critical Sociological Association,우수등재,202603,(149),pp.12~57,,"노동가치이론, 인지자본주의, 검색·추천 알고리즘, 구조인과성, 개체화",,사회학,0,,http://dx.doi.org/10.18207/criso.2026..149.12
15,ART003287046,시몽동의 개체화 이론에 비추어 본 들뢰즈의 영화철학,Deleuze’s Film-Philosophy in Light of Simondon’s Theory of Individuation,박제철(서울대학교),,문학과 영상,The Journal of Literature and Film,문학과영상학회,The Korean Association Of Literature and Film,등재,202512,26(3),pp.839~869,,"질 들뢰즈, 질베르 시몽동, 시간-이미지, 개체화, 결정체-이미지, 현대적 정신기호","Gilles Deleuze, Gilbert Simondon, time-image, individuation, crystal-image, modern noosign",영상문학,0,,
16,ART003318276,질베르 시몽동의 기술적 개체화의 관점에서 본 미래주의와 신즉물주의 사진 비교 연구,A Comparative Analysis of Futurism and New Objectivity in Photography through Gilbert Simondon’s Concept of Technical Individuation,오홍균(상명대학교 사진영상미디어학과),임안나(상명대학교),현대사진영상학회 논문집,The Society of Modern Photography & Video,현대사진영상학회,The Society Of Modern Photography & Video,등재,202603,29(1),pp.153~170,,"질베르 시몽동, 개체화, 미래주의 사진, 신즉물주의 사진, 기술 미학","Gilbert Simondon, Individuation, Futurist Photography, New Objectivity Photography, Techno-Aesthetics",사진,0,,
17,ART003011066,"지능 자동화 시대, 탈-노동의 의미와 교양교육의 가치",The Meaning of Post-Labor and the Value of a Liberal Arts Education in the Age of Intelligent Automation,김재희(을지대학교),배식한(성신여자대학교),교양교육연구,Korean Journal of General Education,한국교양교육학회,The Korean Association of General Education,등재,202310,17(5),pp.25~37,,"자동화, 탈-노동, 교양교육, 시몽동, 스티글러","Automation, Post-labor, Liberal Arts Education, Simondon, Stiegler",학제간연구,1,,
18,ART002994521,첨단 기술시대의 신학적 과제 - 인간과 기술의 상호협력적 관계에 대한 신학적 상상력과 기술신학 정립,Theological Task in the Hi-Tech Age: Theological Imagination and Establishment of Techno-Theology on the Cooperative Relationship between Human and Technology,김은혜(장로회신학대학교),,기독교사회윤리,The Korean Journal of Chiristian Social Ethics,한국기독교사회윤리학회,The Society Of Korean Christian Social Ethics,등재,202308,(56),pp.215~249,,"기술개념, 기술의 존재 양식. 인간과 기술의 관계, 질베르 시몽동, 만물신학","Concept of Technology, Cooperative Relationship between Technology and Theology, Gilbert Simondon, Theology of All Things",기독교신학,2,,
19,ART002974798,2022 개정교육과정에 나타난 디지털 교육 개념에 대한 성찰 : 허욱(Yuk Hui)의 디지털 대상 논의를 중심으로,Revisiting Digital Education in 2022 Revised National Curriculum through Yuk Hui’s Discussion on Digital Objects,윤선인(인천대학교),,교육철학연구,The Korean Journal of Philosophy of Education,한국교육철학학회,The Korean Philosophy of Education Society,등재,202306,45(2),pp.71~100,,"미래교육 담론, 디지털교육, 2022 개정교육과정, 기술철학, 허욱, 시몽동, 하이데거","Future of Education Discourse, Digital Education, 2022 National Curriculum of Korea, Philosophy of Technology, Yuk Hui, Simondon, Heidegger",교육학,10,,
20,ART003303021,포스트휴먼 시대의 기술적 소외와 개체초월적 연대 - 천선란의 『천 개의 파랑』을 중심으로 -,,김현정(전남대학교),,인문학연구,,인문과학연구소,"Institute for Humanities, cheju National University",등재,202601,(40),pp.265~293,,"󰡔천 개의 파랑󰡕, 질베르 시몽동, 기술 불평등, 기술적 소외, 개체초월성, 포스트휴먼 시대",,기타인문학,0,,10.47293/ihumjj.2026.40.10
21,ART003099480,‘증발 시대’의 예술: 데미안 허스트의 <통화> 프로젝트,Art in the Age of Vaporization: Damien Hirst’s <The Currency> Project,최종철(이화여자대학교),,현대미술학 논문집,Journal of Contemporary Art Studies,현대미술학회,Society Of Contemporary Art Science,등재,202406,28(1),pp.111~132,,"증발, NFT 아트, 데미안 허스트, 통화, 데이비드 조슬릿, 포맷, , 질베르 시몽동, 허욱, 개체화","Vaporization, NFT art, Damien Hirst, The Currency, David Joselit, Format, Gibert Simondon, Yuk Hui, Individuation",예술일반,0,,
22,ART002910128,인간-기술 네트워크에 의한 지각 및 기억의 외재화 연구: 피에르 위그의 <제 3의 기억>을 중심으로,A Study on the Exteriorization of Perception and Memory by Human-Technical Networks: Focussing on <The Third Memory> by Pierre Huyghe,유원준(영남대학교),,영상문화,korean association for visual culture,한국영상문화학회,Korean  Association For Visual Culture,등재,202212,(41),pp.163~184,,"행위자-네트워크 이론, 브루노 라투르, 질베르트 시몽동, 기술적 존재론, 베르나르 스티글레르, 기억의 외재화, 피에르 위그, 제 3의 기억","Actor-Network Theory, ANT, Bruno Latour, technological ontology, Gilbert Simondon, Bernard Stiegler, Pierre Huyghe, The Third Memory",학제간연구,1,,https://doi.org/10.21299/jovc.2022.41.7
23,ART002922367,세이머스 히니의 ‘앞선 미래’(future anterior)의 변환의 시학: 결정화와 변환적 재현을 통한 시적 통치와 교정,Poetics of Transduction in Seamus Heaney’s Future Anterior: The Government of the Tongue and Redress through Chrystallization and Transductive Representation,김영민(동국대학교),,한국 예이츠 저널,,한국예이츠학회,The Yeats Society Of Korea,등재,202212,69(),pp.109~141,,"히니, 어느 자연주의자의 죽음, 변환, 시와 시학, 결정화, 시몽동","Heaney, The Death of a Naturalist, transduction, poetry and poetics, crystallization, Simondon",영어와문학,2,http://yeatsjournal.or.kr/index.php?mid=Issue&category=88,
24,ART003189352,기술매체시대 문화콘텐츠의 양상과 연구 방법,Aspects of Cultural content in the Technological Media era Research method : Focusing on Transmedia Content Strategy,이상우(진주교육대학교),,한국과 세계,Korea and World Review,한국국회학회,Korea Society of Assembly Studies,등재,202503,7(2),pp.543~561,,"기술매체, 인문학, 문화콘텐츠, 시몽동, 엔지니어","Technological Media, Humanities, Cultural contents, Simondon, Engineer",학제간연구,0,,
25,ART003182183,가상현실 콘텐츠의 기술적 개체화 연구 - VR 실감형 전시콘텐츠 <70mK>를 중심으로,A Study on Virtual Space Content by the Theory of Individuation in Simondon - Focusing on VR immersive exhibition <70mK>,오세현(숭의여자대학교),변혁(성균관대학교),트랜스-,trans-,트랜스미디어연구소,TRANS MEDIA INSTITUTE,등재,202502,18(),pp.117~161,,"<70mK>, VR, 실감형 전시콘텐츠, 시몽동, 개체화","70mK, VR, Immersive exhibition contents, Simondon, Individuation",뉴미디어,0,,https://doi.org/10.23086/trans.2025.18.04
26,ART003071407,"정보라의 단편소설에 나타난 포스트휴먼 인공지능의 관계 맺기: 「안녕, 내 사랑」(2015), 「One More Kiss, Dear」(2016), 「너의 유토피아」(2021)를 중심으로","Relationship-Building by Posthuman AIs from Jung Bo-ra’s Short Stories : Focusing on “Bye, My Love”(2015), “One More Kiss, Dear”(2016), and “Your Utopia”(2021)",김윤희(중앙대학교),서세림(중앙대학교),다문화콘텐츠연구,,문화콘텐츠기술연구원,culture technology research institute,등재,202403,(47),pp.93~127,,"정보라, 포스트휴먼, 인공지능, 질베르 시몽동, 도나 해러웨이, 기계-주체, 기술적 진화, 응답-능력","Jung Bo-ra, Posthuman, Artificial Intelligence, Gilbert Simondon, Donna Haraway, Machine-Subject, Technical Evolution, Response-Ability",기타사회과학일반,2,,https://dx.doi.org/10.15400/mccs.2024.03.47.04
27,ART003016747,질베르 시몽동의 ‘변환(la transduction)’개념으로 본 테오 얀센의 <해변동물(Strandbeest)>에서 진화와 증식 문제 연구,A Study of Evolution and Proliferation Issues in Theo Jansen’s ‘Strandbeest’ from Gilbert Simondon’s Concept of ‘Transduction’,허창범(중앙대학교),정영한(중앙대학교),예술과 미디어,The Korean Journal of Art and Media,예술과미디어학회,The Korean Society of Art and Media,등재,202311,22(2),pp.159~182,,"기술미학, 개체발생론, 변환, 생명체, 진화, 질베르 시몽동, 테오 얀센, 해변동물","Techno-Aesthetics, Ontogenesis, Transduction, Living Creatures, Evolution, Gilbert Simondon, Theo Jansen, Strandbeest",기타예술일반,0,,
28,ART003215424,확장현실(XR)로서 메타버스에 대한 현상학적 이해: 메를로퐁티의 ‘살(chair)의 감각학(esthesiologie)’에 근거해,Phenomenological Understanding of Metaverse as Extended Reality(XR): Based on Merleau-Ponty's ‘aesthesiology of flesh’,김화자(성균관대학교),,현상학과 현대철학,,한국현상학회,Korean Society For Phenomenology,등재,202506,(105),pp.1~45,,"간극, 감각학, 메를로퐁티, 메타버스, 살, 시몽동, 확장현실","Aesthesiology, Extended Reality, Flesh, Gap, Merleau-Ponty, Metaverse, Simondon",철학,0,,
29,ART002883414,기술철학적 관점에서 본 SF 성장소설과 인간-비인간의 앙상블 -천선란의 『천 개의 파랑』을 중심으로,SF Bildungsroman and Human-NonHuman Ensemble - Focusing on Cheon Seon-ran's A Thousand Blue,진선영(세종대학교),,현대소설연구,The Journal of Korean Fiction Research,한국현대소설학회,The Society Of Korean Fiction,등재,202209,(87),pp.541~567,,"천선란, 천 개의 파랑, SF 성장소설, 기술철학, 시몽동, 인간-비인간, 앙상블","Cheon Seon-ran, A Thousand Blue, SF Bildungsroman, technological philosophy, Simondon, Human-NonHuman, Ensemble",한국어와문학,10,,
30,ART001977997,질베르 시몽동에서 기술과 정치,Gilbert Simondon on Technology and Politics,김재희(이화여자대학교),,철학연구,Journal of The Society of philosophical studies,철학연구회,The Society Of Philosophical Studies,등재,201503,(108),pp.124~151,,"시몽동, 탈인간중심적 휴머니즘, 기술문화, 발명, 기술자 주체, 개체초월성","Simondon, De-anthropocentric Humanism, Technical Culture, Invention, Technician Subject, Transindividuality",철학,5,,
31,ART003285282,결정과 비결정의 틈새에서 예술 창작하기: 생명게임과 생성적 작법을 이용한 오디오-비주얼 작품 창작에 관한 예비 연구,Creating Art at the Interstice of Determinacy and Indeterminacy: A Preliminary Study on Audio-Visual Art Based on the Game of Life and Generative Composition,윤지현(연세대학교),이준(고려대학교),미술이론과 현장,The Journal of Art Theory & Practice,한국미술이론학회,The Korean Society of  Art Theories,등재,202512,(40),pp.83~112,,"생명게임, 오디오-비주얼 앙상블, 생성 작법, 비결정성, 인공지능, 인간-비인간 공동 창작, 질베르 시몽동","Game of Life(GoL), Audio-Visual Ensemble, Generative Composition, Indeterminacy, Artificial Intelligence(AI), Human-Nonhuman Collaborative Creation, Gilbert Simondon",미술,0,,https://doi.org/10.15597/jksmi.25083538.2025.40.083
32,ART002537245,시몽동의 기술미학,La techno-esthétique de Simondon,이찬웅(이화여자대학교),,美學(미학),Mihak -The Korean Journal of Aesthetics,한국미학회,The Korean Society Of Aesthetics,등재,201912,85(4),pp.203~242,,"기계, 마술, 감각, 사용, 모양/바탕","machine, magique, sensation, usage, figure/fond",철학,1,,
33,ART002636223,시몽동의 정보철학: 사이버네틱스를 넘어서,Simondon’s Philosophy of Information: Beyond Cybernetics,김재희(을지대학교),,철학연구,Journal of The Society of philosophical studies,철학연구회,The Society Of Philosophical Studies,등재,202009,(130),pp.189~220,,"정보, 준안정성, 변환, 사이버네틱스, 변환역학, 시몽동","Information, Metastability, Transduction, Cybernetics, Allagmatique, Simondon",철학,3,http://dx.doi.org/10.23908/JSPS.2020.9.130.189,
34,ART001758363,질베르 시몽동에서 기술과 존재,Technology and Existence on Gilbert Simondon,김재희(성균관대학교),,현상학과 현대철학,,한국현상학회,Korean Society For Phenomenology,등재,201303,(56),pp.175~206,,"시몽동, 기술적 대상, 발생적 생성, 발명, 개체초월성","Simondon, Technological Objects, Genetical Becoming, Transindividuality",철학,20,,
35,ART002336097,기술과 개체초월성: 시몽동과 스티글레르,Technics and Transindividuality on Simondon and Stiegler,김재희(을지대학교),,범한철학,PAN-KOREAN PHILOSOPHY,범한철학회,,등재,201803,88(1),pp.195~220,,"시몽동, 스티글레르, 기술, 개체초월성, 관개체화","Simondon, Stiegler, transindividuality, transindividuation, technology",철학,10,,https://doi.org/10.17745/pkps.2018.03.88.195
36,ART003128283,한국 SF영화에 나타난 인공지능 기술 재현양상 고찰,,강백선(전남대학교 문화전문대학원 미디어콘텐츠·컬처테크전공),변현진(전남대학교),"2024 International Design Exhibition & Conference Invited to Srinakharinwirot University, Thailand",,한국디자인리서치학회,Korea Institute of Design Research Society,,202407,(),pp.83~86,,"한국 SF영화, 인간-기계, 개체화, 질베르시몽동",,디자인,0,,
37,ART002485824,"시몽동의 기술철학, 인간과학의정초를 위한 시도",An attempt to found human sciences: Simondon’s philosophy of technology,황수영(홍익대학교),,철학연구,Journal of The Society of philosophical studies,철학연구회,The Society Of Philosophical Studies,등재,201906,(125),pp.195~226,,"인간과학, 개체초월성, 인간적 에너지학, 발생학, 기술공학","human sciences, transindividuality, human energetics, genetics, technology",철학,2,,http://dx.doi.org/10.23908/JSPS.2019.6.125.195
38,ART003119030,개체화 이론을 통한 놋다리밟기의 전승 과정 연구,A Study on the Succession Process of Notdari-Vapgi through Individuation Theory,김용남(안동대학교),,지역과문화,,한국지역문화학회,International Association for Glocal Culture,등재,202409,11(3),pp.159~177,,"개체화, 놋다리밟기, 무형유산, 전승, 질베르 시몽동","Gilbert Simondon, Individuation, Intangible Heritage, Notdari-Vapgi, Succession",학제간연구,0,http://kiagc.or.kr/adm_index.php?module=notice6&type=view&bkey=912dff520ec905db8e1b1c5969a91474,https://doi.org/10.26654/iagc.2024.11.3.159
39,ART001378552,시몽동의 개체화 이론 -프랑스 생성철학의 맥락에서-,Simondon's theory of individuatin -Between Bergson and Deleuze-,황수영(서울대학교),,동서철학연구,Studies in Philosophy East-West,한국동서철학회,Korean Society For Philosophy East-West,등재,200909,(53),pp.199~224,,"개체, 개체화, 준안정성, 전개체적 상태, 잠재에너지, 생명, 정보/형태부여","Individual, individuation, metastability, preindividual state, potential energy, life, in-formation",철학,16,,
40,ART002172684,기술적 대상과 디지털 밀리유의 정치경제학: 질베르 시몽동과 기술문화연구의 접합,Political Economy of Technological Objects and Digital Milieu: Gilbert Simondon and Technological Cultural Studies,박성우(우송대학교),,문화와 정치,Culture and Politics,평화연구소,Hanyang Peace Institute,등재후보,201611,3(2),pp.155~173,,"시몽동, 디지털 밀리유, 개체화, 적응, 기술문화연구","Simondon, Digital Milieu, Individuation, Adaptation, Technological Cultural Studies",정치사회/문화,7,http://peaceinstitute.hanyang.ac.kr/publication/view_hi.php,https://doi.org/10.22539/culpol.2016.3.2.155
41,ART002348803,시몽동의 철학에서 개체초월성의 두 의미,Two meanings of transindividuality in Simondon’s philosophy,황수영(홍익대학교),,철학,CHEOLHAK: Korean Journal of Philosophy,한국철학회,Korean Philosophical Association,우수등재,201805,(135),pp.47~73,,"이질적 다양체, 개체성, 정념감동성, 개체초월성, 집단적인 것","heterogeneous multiplicity, individuality, affectivo-emotivity, transindividuality, the collective",철학,5,,http://dx.doi.org/10.18694/KJP.2018.05.135.47
42,ART002095346,발명 개념에 대한 철학적 탐구: 베르그손과 시몽동의 기술철학을 중심으로,A philosophical investigation of the invention: from H. Bergson and G. Simondon’s philosophy of technology,김재희(이화여자대학교),,철학연구,Journal of The Society of philosophical studies,철학연구회,The Society Of Philosophical Studies,등재,201603,(112),pp.163~191,,"베르그손, 시몽동, 발명, 기술","Bergson, Simondon, Invention, Technology",철학,8,,
43,ART002227589,"들뢰즈와 시몽동‒변조, 지층, 환경‒","Deleuze et Simondon - modulation, strate, milieu -",이찬웅(이화여자대학교),,철학,CHEOLHAK: Korean Journal of Philosophy,한국철학회,Korean Philosophical Association,등재,201705,(131),pp.125~149,,"개체화, 결정화, 변환, 표현, 옐름슬레우","Individuation, Cristallisation, Transduction, Expression, Hjelmlsev",철학,6,,http://dx.doi.org/10.18694/KJP.2017.05.131.125
44,ART003150822,"환상과 부재, 소외의 도시 ― 쉬저천(徐則臣)의 <아, 베이징(啊, 北京)>을 중심으로 ―","A city of fantasy, absence, and alienation – Focus on Xu Ze Chen’s work “Ah, Beijing”",신민준(고려대학교 중일어문학과;고려대학교 4단계 BK21 중일교육연구단),,중국어문학,Journal of Chinese Language and Literature,영남중국어문학회,Chinese Literary Society Of Yeong Nam,등재,202412,(97),pp.139~172,,"쉬저천(Xu Ze Chen), <아, 베이징>(‘Ah, Beijing’), 문학지리학(Literary Geography), 질베르 시몽동(Gilbert Simondon), 개체화(Individuation), 정체성(Identity)",,중국어와문학,1,,10.15792/clsyn..97.202412.139
45,ART003313825,AI 이미지 생성 콘텐츠를 통해 본 인간-기술의 개체화 의미 고찰: 실감형 전시콘텐츠 <A.I. 김홍도 : 붓선 ver.1.0> 중심으로,,오세현(성균관대학교 트랜스미디어연구소),,트랜스-,trans-,트랜스미디어연구소,TRANS MEDIA INSTITUTE,등재,202602,20(),pp.117~164,,"인공지능(A.I.), 질베르 시몽동, 개체화, 공동 개체화, 변환, 실감형 전시 콘텐츠, <A.I. 김홍도 - 붓선 ver.1.0>",,뉴미디어,0,,
46,ART002065510,시몽동의 생성의 존재론에서 물질과 생명의 연속성과 불연속성,Continuity and Discontinuity from Matter to Life in the Simondonian Ontology of Becoming,황수영(세종대학교),,철학연구,Journal of The Society of philosophical studies,철학연구회,The Society Of Philosophical Studies,등재,201512,(111),pp.93~121,,"생성, 존재, 준안정성, 특이성, 창발성","becoming, being, metastability, singularity, emergence",철학,8,,
47,ART003229523,"21세기 전환기 한국 재난영화의 디지털 VFX와 기술미학: <용가리>(1999), <싸이렌>(2000), <리베라 메>(2000), <튜브>(2003)를 중심으로","Digital VFX and the Technological Aesthetics of Korean Disaster films at the Turn of the 21st Century : Focused on Yonggary (1999), The Siren (2000), Libera Me (2000), and Tube (2003)",남기웅(국립부경대학교 융합미디어빅데이터연구소),,아시아영화연구,ASIAN CINEMA STUDIES,영화연구소,PNU Film Institute,등재,202507,18(2),pp.299~341,,"한국 재난영화, 디지털 VFX, 기술미학, 질베르 시몽동, 디지털 스펙터클, 메타적 자의식","Korean disaster films, digital VFX, technical aesthetics, digital spectacle, Gilbert Simondon, meta self-awareness",영화,0,,
48,ART002549310,질베르 시몽동(G.Simondon)의 기술철학에 근거한 디자인 사고(思考)의 방향성에 대한 연구,A Study on the Directionality of the Thinking for Design as Grounded on the Technology Philosophy of Gilbert Simondon,최성운(대진대학교),,상품문화디자인학연구,Journal of Cultural Product & Design,한국상품문화디자인학회,Korea Institute of Cultural Product & Design,등재,201912,(59),pp.73~86,,"기술철학, 개체화, 이완법칙, 새로운 휴머니즘, 기술문화","Techno- philosophy, Individuation, The law of relaxation, New humanism, Technology culture",디자인일반,2,,
49,ART003249387,"결정(結晶)의 시간, 크로노스(Cronos)의 시간: 들뢰즈 후기 시간론 연구","Time of Crystal, Time of Cronus - A Study on the Concept of Time in Deleuze’s Later Works",변예은(서울시립대학교),,현상학과 현대철학,,한국현상학회,Korean Society For Phenomenology,등재,202509,(106),pp.129~160,,"시간-이미지, 시간의 결정, 결정화, 자기-촉발, 내감의 역설","crystal-image, crystal of time, crystallisation, self-affection, paradox of inner sense",철학,0,,
50,ART001758369,디지털 아트의 상호작용적 ‘관계’에 대한 탐색 －시몽동의 개체화와 기술에 대한 사유를 중심으로－,La recherche sur ‘la relation’ interactive dans l’art digital －au moyen de la pensée de Gilbert Simondon sur l’individuation et la technologie－,김화자(명지대학교),,현상학과 현대철학,,한국현상학회,Korean Society For Phenomenology,등재,201303,(56),pp.207~241,,"시몽동, 디지털 아트, 정보, 상호작용적 관계, 교환역학, 관(貫)개체적인 것, 애스콧, 텔레노이아, 집단","Allagmatique, Ascott, Collective, Information, The Transindividual, Digital art, Interactive relation, Simondon, Telenoia",철학,6,,
51,ART002772055,시몽동의 기술철학에서 규범성의 문제: 생명적 규범성과 사회적 규범성 사이에서,Normativity in the Simondonian Philosophy of Technology between Vital Normativity and Social Normativity,황수영(홍익대학교),,근대 철학,Modern Philosophy,서양근대철학회,,등재,202110,18(),pp.51~90,,"기술적 규범성, 생명적 규범성, 구체화, 개별화, 발명적 사유","Technical Normativity, Vital Normativity, Concretisation, Individualisation, Inventive Thinking",철학,1,,
52,ART002485322,질베르 시몽동(Gilbert Simondon)의 개체화 이론에 근거한 디자인 개발의 본질과 원리에 대한 연구,A Study on the Essence and Principles of Design Development Based on Individuation Theory of Gilbert Simondon,최성운(대진대학교),,상품문화디자인학연구,Journal of Cultural Product & Design,한국상품문화디자인학회,Korea Institute of Cultural Product & Design,등재,201906,(57),pp.33~42,,"개체, 개체화, 구체화, 발명(발생), 결정화","Individual, Individuation, Actualization, Generation, Crystallization",디자인일반,2,,https://doi.org/10.18555/kicpd.2019.57.04
53,ART002357507,"포스트휴먼 담론의 사유와 미학적-윤리적 역량 연구 : 시몽동과 들뢰즈, 과타리의 인간-기계 사유를 중심으로",Post-human Discourse and Aesthetic-ethical Competence : Rethinking the Human-Machine Relationship,강진숙(중앙대학교),,한국언론학보,Korean Journal of Journalism & Communication,한국언론학회,Korean Society For Journalism And Communication Studies,우수등재,201806,62(3),pp.385~414,,"포스트휴먼, 시몽동, 들뢰즈, 과타리(가타리), 기계","Post Human, Simondon, Deleuze, Guattari, Machine",신문방송학,14,,https://doi.org/10.20879/kjjcs.2018.62.3.013
54,ART003308721,알고리즘 영상문화의 파르마콘적 양가성에 관한 신경정신분석적 고찰,,박제철(서울대학교),,현대정신분석,The Journal of Contemporary Psychoanalysis,한국현대정신분석학회,The Korean Society for Contemporary Psychoanalysis,등재,202602,28(1),pp.165~208,,"신경정신분석, 알고리즘 영상문화, 정동적 의식, 인공지능, 기술철학",,기타인문학,0,,
55,ART002111366,미디어 존재론 - 시몽동의 ‘개체화’를 통해 본 매클루언의 미디어론,Media Ontology Simondon’s Concept of Individuation and McLuhan’s Concept of Entelechy,김상호(경북대학교),,언론과 사회,,사단법인 언론과 사회,,등재,201605,24(2),pp.143~190,,"시몽동, 매클루언, 개체, 미디어, 존재론","Simondon, McLuhan, individuation, media, ontology",신문방송학,8,,
56,ART001954565,AI 심신론의 기술교육적 시사점: 니시카와와 시몽동의 논의를 중심으로,AI's mind-body problem and Technical education,최승현(고려대학교),,교육철학연구,The Korean Journal of Philosophy of Education,한국교육철학학회,The Korean Philosophy of Education Society,등재,201412,36(4),pp.219~239,,"AI, BAII, 심신문제, 기술교육, 교육적 의사소통","AI, BAII, mind-body problem, technical education, educational communication.",교육학,1,,
57,ART001964068,질베르 시몽동의 기술미학,The Technoaesthetic of Gilbert Simondon,김재희(이화여자대학교),,미학예술학연구,The Journal of Aesthetics and Science of Art,한국미학예술학회,,등재,201502,43(),pp.95~121,,"시몽동, 기술미학, 미학적 사유, 아름다움, 기술적 대상","Simondon, technoaesthetic, aesthetical thinking, beauty, technical object",기타예술체육,8,,
58,ART002223715,"시몽동의 관계의 존재론에서 정신적, 집단적 개체화: 미술교육에의 새로운 접근을 위한 시도",Psychic and Collective Individuation in the Simondonian Ontology of Relation: An Attempt at a New Approach to Art Education,황수영(홍익대학교),,미술과 교육,Journal of Research in Art Education,한국국제미술교육학회,Korean Society for Education through Art (KoSEA),등재,201704,18(2),pp.1~23,,"개체화, 생성, 존재, 관계, 정념성, 개체초월성, 미술교육","individuation, becoming, being, relation, affectivity, transindividuality, art education",미술이론,8,,
59,ART001954061,"【서 평】『베르그손, 생성으로 생명을 사유하기 - 깡길렘, 시몽동, 들뢰즈와의 대화』",book review,여인석(연세대학교),,의철학연구,Philosophy of Medicine,한국의철학회,The Korean Association for Philosophy of Medicine,등재,201412,18(),pp.91~95,,,,기타철학일반,0,,
60,ART002853063,수행적 걷기 활동으로서 보행환경에 대한 기술미학적 고찰,Techno-Aesthetic Contemplation on Pesestrian Environment as a Performative Walking Activity,정형원(홍익대학교),최익서(홍익대학교),한국공간디자인학회 논문집,Journal of Korea Intitute of Spatial Design,한국공간디자인학회,Korean Institute of Spatial design,등재,202206,17(4),pp.49~62,,"코로나19, 수행적 걷기 활동, 보행 환경, 상호감응, 기술미학","COVID-19, Performative Walking Activity, Pedestrian Environment, Mutual Affection, Techno-Aesthetic",실내환경디자인,0,,
61,ART003228719,불멸과 디지털 불멸: 인간과 미디어의 관계를 중심으로,Immortality and Digital Immortality: Focusing on the Relationship between Humans and Media,김연숙(숭실대학교),,콘텐츠와산업,,한국콘텐츠산업학회,Korean Contents and Industry Association,등재,202506,7(3),pp.169~174,,"상징적 불멸, 인스턴트 불멸,  CASA(컴퓨터는 사회적 행위자다), 미디어 효과, 개체화","symbolic immortality, instant immortality, CASA (computers are social actors), media effects, iIndividuation",학제간연구,0,,
62,ART001618991,질베르 시몽동의 기술철학에 나타난 ‘기술성(technicité)’의 의미 －현대 정보기술문화 이해를 위한 소고－,La technicité dans la philosophie de la technique de Gilbert Simondon: l'essai pour la compréhension de la culture informatique et technologique,김화자(명지대학교),,현상학과 현대철학,,한국현상학회,Korean Society For Phenomenology,등재,201112,(51),pp.35~66,,"기술성, 시몽동, 변환, 원초적인 마술적 단일성, 회귀작용의 양식, 위상변이, 모양-바탕, 형상-질료, 자기-조절, 앙상블.","Auto-régulation, Ensemble, Déphasage, Figure-fond,Forme-matière, Mode d’action récurrente, Simondon,Technicité, Transduction, Unité magique primitive",철학,9,,
63,ART002620271,버지니아 울프 소설에 구현된 기술미학과 환경미학: 『파도』와 『올랜도,Technoaesthetics and Environmental Aesthetics Embodied in Virginia Woolf’s Novels: The Waves and Orlando,박신현(건국대학교),,외국문학연구,,외국문학연구소,Institute of Foreign Literature,등재,202008,(79),pp.117~150,,"기술미학, 환경미학, 질베르 시몽동, 버지니아 울프, 『파도』, 『올랜도』","technoaesthetics, environmental aesthetics, Gilbert Simondon, Virginia Woolf, The Waves, Orlando",문학,1,,http://dx.doi.org/10.22344/fls.2020.79.117
64,ART001020210,디지털 이미지의 존재론적 성격,Ontological Aspects of Digital Image,박성수(한국해양대학교),,영상예술연구,Assoication of Image & Film Studies,영상예술학회,Association of Image & Film Studies,등재후보,200505,(6),pp.69~94,,"디지털 이미지, 디지털의 존재론적 층위, 시몽동, 기술적 요소, 기술적 개체, 기술적 총체","digital image, dichotomy of text/image, technical object, Gilbert Simondon",기타예술체육,2,,
65,ART001859865,포스트휴먼 사회를 사유하기 위한 하나의 청사진: 질베르 시몽동의 기술－정치학,A Blueprint for Thinking upon the Posthuman Society: Gilbert Simondon’s Techno-Politics,김재희(이화여자대학교),,범한철학,PAN-KOREAN PHILOSOPHY,범한철학회,,등재,201403,72(1),pp.387~414,,"시몽동, 포스트휴먼, 기술, 노동, 개체초월성","Simondon, Posthuman, Technology, Labor, Transindividuality",철학,19,,
66,ART003131536,현대시에 수용된 포스트휴먼기술 담론과 비주체의 윤리- 2010년대 이후 시를 중심으로,"Post-human Technology Discourse and Non-subjectivity Ethics in Contemporary Poetry –Since the 2010s, focusing on the Poetry",김순아(국립부경대학교),,한국문학이론과 비평,Korean Literary Theory and Criticism,한국문학이론과비평학회,The Association Of Korean Literary Theory And Criticism,등재,202410,28(3),pp.183~216,,"포스트휴먼, 인간-기술의 관계, 사이보그, 혼종, 조에, 횡단, 비주체, 윤리","Posthuman, Human-Technology Relationship, Cyborgs, Hybrids, Zoe, Transverse, Non-subjectivity, Ethics",한국어와문학,1,,
67,ART002230194,4차 산업혁명의 O2O 플랫폼으로서 AR －인터액션의 현장으로서 AR의 존재론적 특성－,AR as O2O Platform in the Fourth Industrial Revolution － The Ontological Feature of AR as a Field of Interaction －,김화자(명지대학교),,인문과학,Journal of Humanities,인문학연구원,Institute for Humanities,등재,201705,(65),pp.61~94,,"낭시, 상상력, 시몽동, 엑토피아, 증강현실, 4차 산업혁명, O2O","Augmented Reality, Ectopie, Fourth industrial revolution, Imagination, Nancy, Online to Offline, Simondon",기타인문학,0,,https://doi.org/10.31310/HUM.065.03
68,ART002601630,기술매체에 의한 이시적 시간성에 대한 비평적 연구: 아피찻퐁 위라세타쿤을 중심으로,A Critical Study of the Concept of Hétérochronie in Relation to Media Technology: Focused on Apichatpong Weerasethakul,김수정(홍익대학교),,현대미술사연구,Journal of History of Modern Art,현대미술사학회,,등재,202006,(47),pp.39~63,,"이시적 시간성, 동시대 미술, 아핏찻퐁 위라세타쿤, 베르나르 스티글러, 질베르 시몽동","The Concept of Hétérochronie, Contemporary art, Apichatpong Weerasethakul, Bernard Stiegler, Gilbert Simondon",미술사,0,,
69,ART002422510,‘상호적응형 자동화’모델로서 인간행위-공유플랫폼의 융화 - 컬쳐팩토리로서 팹랩,Harmony of Human Behavior and Shared Platform in a ‘Mutual Adaptation and Automation’ Model : Fab Lab as a Culture Factory,김화자(성균관대학교 하이브리드미래문화연구소),,현상학과 현대철학,,한국현상학회,Korean Society For Phenomenology,등재,201812,(79),pp.225~261,,"4차 기술혁명, 스마트팩토리, 시몽동, 아렌트, 일(작업), 적응형 자동화, 컬쳐팩토리, 팹랩","4th Industrial Revolution, Adaptive Automation, Arendt, Culture Factory, Fab Lab, Publicness, Smart Factory, Simondon, Work",철학,1,,10.35851/PCP.2018.12.79.225
70,ART001513858,기술적 대상(l'objet technique)의 존재 : 디지털 이미지의 존재론을 위한 예비적 고찰,L'Être de l'objet technique : la recherche préparatoire pour l'ontologie de l'image digitale,김화자(명지대학교),,미학예술학연구,The Journal of Aesthetics and Science of Art,한국미학예술학회,,등재,201012,32(),pp.277~310,,"기술적 대상, 개체화, 대자연, 뒤프렌, 메를로-퐁티, 변환, 살, 상호작용, 시몽동, 전개체적인 것, 초개체적인 것","chair, Dufrenne, individuation, interaction, Nature, Merleau-Ponty, objet technique, le préindividuel, Simondon, transduction, le transindividuel",기타예술체육,8,,
71,ART001967046,[특집: 테크놀로지와 주거의 인문학] 현대건축과 소통의 인터페이스 -디지털스킨과 감각적⋅미적 ‘살’ 공동체-,Contemporary Architecture and Interspace of Communications -“Digital skin” and Sensual-Aesthetic Community of “Flesh”-,김화자(명지대학교),,인문과학,Journal of Humanities,인문학연구원,Institute for Humanities,등재,201502,(56),pp.5~34,,"교직교차, 디지털스킨, 메를로퐁티, 미디어 파사드, 살, 생체모방, 시몽동, 앙지외","Anzieu, Biomimetic, Chiasme, Digital skin, Flesh, Media façade, Merleau-Ponty, Simondon",기타인문학,2,,
72,ART002782735,대규모 인터뷰 작업이 생성하는 집단적 관계성의 의미 -미디어전시예술 <70mK>를 중심으로,,오세현(성균관대학교),,트랜스-,trans-,트랜스미디어연구소,TRANS MEDIA INSTITUTE,미등재,201907,7(),pp.19~48,,"70mK, 인터뷰, 개체화, 전개체적인 실재, 퍼텐셜, 관개체성, 시몽동",,뉴미디어,0,,
73,ART002008380,사물인터넷과 메를로퐁티의 ‘상호세계’,Internet of Things and the ‘Interworld’ in Merleau-Ponty,김화자(명지대학교),,현상학과 현대철학,,한국현상학회,Korean Society For Phenomenology,등재,201506,(65),pp.61~94,,"키아즘(교직교차), 라투르, 메를로퐁티, 시몽동, 사물인터넷, 상호세계, 행위자네트워크이론","Actor-Network Theory(ANT), Chiasme, Internet of Things(IoT), Interworld, Latour, Merleau-Ponty, Simondon",철학,13,,
74,ART001917058,우리는 어떻게 포스트휴먼 주체가될 수 있는가?,How Can We Become Posthuman Subject?,김재희(이화여자대학교),,철학연구,Journal of The Society of philosophical studies,철학연구회,The Society Of Philosophical Studies,등재,201409,(106),pp.215~242,,"포스트휴먼 주체, 포스트휴머니즘, 트랜스휴머니즘, 사이보그, 헤일스, 시몽동","posthuman subject, posthumanism, transhumanism, cyborg, Hayles, Simondon",철학,55,,
75,ART001747731,상호작용 공간 모달리티의 건축기호적 특징,The Archi-Semiotic Characteristics of Spatial Modality in Interactive Space,서준호(계원예술대학교),,한국실내디자인학회 논문집,KOREAN INSTITUTE OF INTERIOR DESIGN JOURNAL,한국실내디자인학회,Korean Institute Of Interior Design,등재,201302,22(1),pp.75~84,,"공간 모달리티, 정보·형태화, 상호작용 공간, 건축기호, 시몽동","Spatial modality, Information, Interactive space, Archi-semiotic, Gilbert Simondon",디자인,4,,
76,ART002585822,공진화를 위한 기술화된 몸이론의 가능성,A Theory of Body in Technology for Coevolution,이지용(건국대학교 몸문화연구소),최일규(건국대학교),아시아문화연구,,아시아문화연구소,Asian Cultural Studies Research Institute,등재,202004,52(),pp.65~95,,"몸, 기술, 인간, 소외, 공진화, 돈 아이디, 시몽동, 기술화된 몸","body, technology, human, alienate, co-evolution, Don Ihde, Gibert Simondon, Body in Technology",기타인문학,4,,
77,ART001561327,물질과 생성: 질베르 시몽동의 개체화론을 중심으로,Matter and Becoming in Gilbert Simondon’s Theory of Individuation,김재희(성균관대학교),,철학연구,Journal of The Society of philosophical studies,철학연구회,The Society Of Philosophical Studies,등재,201106,(93),pp.231~260,,"생성, 개체화, 준안정성, 퍼텐셜 에너지, 불일치, 관계, 정보, 변환","Becoming, Individuation, Metastability, Potential energy, Disparation, Relation, Information, Transduction",철학,19,,
78,ART002621579,하이데거의 기술철학에 대한 비판적 고찰 - STS와 ANT의 관점에서,Kritische Betrachtungen über Heideggers Philosophie der Technik - Unter den Aspekten von STS und ANT,안미현(목포대학교),,독일언어문학,Zeitschrift f？r Deutsche Sprache und Literatur,한국독일어문학회,Koreanische Gesellschaft fuer Deutsche Sprache Und Literatur,등재,202008,(89),pp.73~96,,"기술철학, 하이데거, 시몽동, 라투르, 위너","Philosophie der Technik, Heidegger, Simondon, Latour, Winner",독일어와문학,2,,
79,ART002378245,인간과 비인간 존재는 어떻게 만나는가?,How does Man and Non-human beings meet?,심귀연(경상대학교),,철학연구,"Philosophia , Journal of Korean Philosophical Society",대한철학회,Korean Philosophical Society,등재,201808,147(),pp.239~260,,"인간, 비인간존재, 메를로-퐁티, 기술, 인공지능","Human, Non-human beings, Merleau-Ponty, Technology, A.I",철학,8,,http://dx.doi.org/10.20293/jokps.2018.​147.239
80,ART002736583,포스트휴먼 테크놀로지,Posthuman Technology,홍성욱(서울대학교),,人文學硏究,Study of Humanities,인문학연구소,Humanities Research Institute,등재,202106,35(),pp.3~35,,"포스트휴머니즘, 기술, 포스트휴먼 테크놀로지, 기술과 인간의 공진화, 비인간 행위성, 기술적 매개, 마틴 하이데거, 도나 해러웨이, 질베르 시몽동, 브뤼노 라투르, 베르나르 스티글러, 효돌, 리얼돌","posthumanism, technology, posthuman technology, co-evolution of humans and technology, nonhuman agency, technical mediation, Martin Heidegger, Donna Haraway, Gilbert Simondon, Bruno Latour, Hyodol, real doll",기타인문학,17,,https://doi.org/10.31323/SH.2021.06.35.01
81,ART002797519,기술교육에 관한 기술철학적 고찰,Technological Philosophy on Technology Education,임미가(충남대학교 교육혁신센터),,한국실과교육학회지,Journal of Korean Practical Arts Education,한국실과교육학회,,등재,202112,34(4),pp.121~140,,"기술교육, 기술철학, 실과교육, 하이데거, 시몽동","technology education, technology philosophy, practical arts, Heidegger, Simondon",교육학,1,http://dx.doi.org/10.24062/kpae.2021.34.4.121,http://dx.doi.org/10.24062/kpae.2021.34.4.121
82,ART001786347,"인간과 자연, 그리고 기술의 상호창조를 위한 시론 - 관계론적 관점에서 본 유기농테마파크 비전과 전략 -","An Essay on Mutual Creation Among Human, the Nature, and the Technology: The Vision and Strategy of Organic Theme Park in the Aspect of Relationship",심승구(한국체육대학교),,인문콘텐츠,Humanities Contents,인문콘텐츠학회,Korea Humanities Content Society,등재,201306,(29),pp.189~218,,"유기농, 유기농 테마파크, 인간ㆍ자연ㆍ기술의 상호창조, 기술철학, 생태철학, 청색기술, 청색경제, 적정기술, 질베르 시몽동, 생태모방기술","Gilbert Simondon, Techno-philosophical thought, Mutual creation, Organic theme park, Blue Technology, Biomimicry, Biomimetics, Techno-philosophy, Ecology mutually.",기타인문학,1,,
83,ART002692079,질베르 시몽동의 ‘개체화 이론’으로 바라본 현대건축에서의 형태생성 특성 연구,A Study on Characteristics of Formation in Contemporary Architecture through ‘Individuation Theory’ by Gilbert Simondon,강두원(홍익대학교 대학원 건축공학과),김동진(홍익대학교),한국실내디자인학회 논문집,KOREAN INSTITUTE OF INTERIOR DESIGN JOURNAL,한국실내디자인학회,Korean Institute Of Interior Design,등재,202102,30(1),pp.63~73,,"질베르 시몽동, 개체화, 정보·형태화, 형태생성, 상호작용","Gilbert Simondon, Individuation, Information, Formation, Interaction",디자인,2,,
84,ART001986959,<그녀>에 나타난 인간과 기계의 공진화,The Coevolution of Human and Machine in Her,주기화(건국대학교),,영미문학교육,The Journal of Teaching English Literature,한국영미문학교육학회,The Korean Society For Teaching English Literature,등재,201504,19(1),pp.143~165,,"<그녀>, 인간-기계 공진화, 포스트휴먼, 질베르 시몽동, 행위자-연결망이론(ANT)","Her, Human-Machine coevolution, posthuman, Gilbert Simondon, Actor-Network-Theory(ANT)",영어와문학,0,,
85,ART002360483,"자연-인간-기술, 혼성적 예술 주체성에 관한 연구 - 기술적 대상의 자기-조직화를 중심으로","Nature-Human-Technology, A study on hybrid subjectivity of art : Focussing on self-organization of technical object",유원준(홍익대학교),,문화와융합,Culture and Convergence,인문사회예술융합학회,The Society of Convergence of Humanities Social Science and Arts,등재,201806,40(3),pp.197~226,,"인공지능예술, 발생예술, 사이버네틱스, 포스트휴머니즘, 기술의 지능화","Artifical Intelligence, Generative Art, Cybernetics, Posthumanism, Intelligent Technology",학제간연구,3,,https://doi.org/10.33645/cnc.2018.06.40.3.197
86,ART002465296,영화 <파란만장>에 나타난 욕망과 포스트시네마적인 특성에 대하여,About the Post-Cinematic Characteristics and Desire Shown in a Film <Night Fishing>,손성우(부산대학교 영화연구소),,한국엔터테인먼트산업학회논문지,Journal of Korea Entertainment Industry Association,한국엔터테인먼트산업학회,The Korea Entertainment Industry Association,등재,201904,13(3),pp.121~129,,"영화 <파란만장>, 포스트시네마, 타자의 욕망, 라캉 정신분석학, 매개와 상호작용","Film <Night Fishing>, Post-Cinema, Other’s Desire, Lacanian Psychoanalysis, Mediation and Interaction",학제간연구,2,,https://doi.org/10.21184/jkeia.2019.4.13.3.121
87,ART001922102,호모 몬스터쿠스：메리 셸리의 『프랑켄슈타인』의 괴물,Homo monstercus：The Monster in Mary Shelley’s Frankenstein,주기화(건국대학교),,인문논총,,인문과학연구소,"Institute for Human studies, Kyungnam University",등재,201410,35(),pp.279~299,,"프랑켄슈타인, 호모 몬스터쿠스, 괴물-되기, 포스트휴먼, 행위자 연결망이론(ANT), 브루노 라투르, 미셸 칼롱","Frankenstein, Homo monstercus, becoming monster, posthuman, Actor Network Theory(ANT), Bruno Latour, Michel Callon",기타인문학,4,,
88,ART002636926,버추얼 유튜버의 주체화 연구,A Study on Subjectivity of Virtual YouTuber,김초영(이화여자대학교 융합콘텐츠학과),한혜원(이화여자대학교),인문콘텐츠,Humanities Contents,인문콘텐츠학회,Korea Humanities Content Society,우수등재,202009,(58),pp.187~209,,"버추얼 유튜버, 포스트휴먼, 유튜브, 상호작용, 인간-기계 네트워크, 주체화",,기타인문학,16,,
89,ART002778223,첨단기술발달시대에 인간과 자연의 관계 변화와 기독교교육의 패러다임 전환,"Changes in Relations between Humanity and Nature, and Its Ensuing Paradigm Shift in Christian Education",이은경(감리교 신학대학교),,신학과 실천,Theology and Praxis,한국실천신학회,The Korean Society for Practical Theology,등재,202111,(77),pp.509~532,,"첨단기술사회, 공산(sympoiesis)의 실뜨기, 어린이다움, 탈성장, 해러웨이","High-Tech Society, the Cat’s Cradle of Sympoiesis, Childishness, Degrowth, Haraway",기독교신학,4,,10.14387/jkspth.2021.77.509
90,ART002735468,러브크래프트와 철학 : 반우주로서 생명,Lovecraft and Philosophy : Life as Anti-Cosmos,주재형(단국대학교),,현상학과 현대철학,,한국현상학회,Korean Society For Phenomenology,등재,202106,(89),pp.73~118,,"러브크래프트, 시몽동, 프리고진, 들뢰즈, 가타리, 바르바라스, 공포문학, 우주론, 생명철학, 유물론, 새로운 유물론, 생기 유물론, 사변적 실재론, 벌거벗은 생명주의","Lovecraft, Simondon, Prigogine, Deleuze, Guattari, Barbaras, Horror Literature, Cosmology, Philosophy of Life, New Materialism, Vital Materialism, Speculative Realism, Naked Vitalism",철학,3,,
91,ART002269282,초 연결 사회에서 기술에 대한 새로운 접근 - 연결에서 관계형성으로,A New Approach to Technology in the hyper Connected Society: from Connection to Relationship,심지원(인제대학교 인간환경미래연구원),,감성연구,Emotion Studies,호남학연구원,Institute of Honam Studies,등재,201709,(15),pp.173~192,,"초 연결 사회, 인간, 기술, 연결, 관계","Hyper Connected Society, Human, Technology, Connection, Relationship",기타인문학,3,,https://doi.org/10.37996/JOG.15.7
92,ART002072966,혁명기 예술의 과제 : 1920년대 초반 러시아아방가르드의 사례를 중심으로,Tasks of Arts in the Revolutionary Period: Focusing the Examples of Russian Avant-Gardes in the Early 1920s,심광현(한국예술종합학교),,시대와 철학,EPOCH AND PHILOSOPHY -A Journal of Philosophical Thought in Korea-,한국철학사상연구회,HANPHIL,등재,201512,26(4),pp.119~186,,"러시아 아방가르드, 구성주의, 지각적 밀레니엄주의, 사물화와 인격화, 대상성과 주체성.","Russian Avant-Gard, Constructivism, Perceptual Millenarianism, Thingification and Personification, Objectivity and Subjectivity",철학,2,,
93,ART001690162,들뢰즈의 표현적 유물론,Deleuze’s Expressive Materialism,김재희(성균관대학교),,철학사상,CHUL HAK SA SANG - Journal of Philosophical Ideas,철학사상연구소,"Institute of Philosophy, Seoul National University",등재,201208,(45),pp.131~162,,"들뢰즈, 유물론, 물질, 강도, 비유기적 생명","Deleuze, materialism, matter, intensity, nonorganic life",철학,10,http://philinst.snu.ac.kr/thought/45/05. 김재희df,
94,ART002587113,"생태공동체 모델 구축을 위한 인간, 자연, 기술 개념 연구","A Study on the Concepts of Human, Nature, and Technology for an Ecological Community Model Formation",심귀연(경상대학교),,철학논총,"CHULHAK-RONCHONG, Journal of the New Korean Philosophical Association",새한철학회,The New Korean Philosophical Association,등재,202004,100(2),pp.97~114,,"자연, 인간, 기술, 인공지능, 생태적 장","Nature, Human, Tech, AI, Ecological field",철학,8,,
95,ART001826069,들뢰즈의 기관없는 신체와 개체성의 문제 - 헤겔의 유기체와 개별자에 대한 들뢰즈의 비판 -,The Problem of Deleuze's a body without organs and an individuality - Deleuze's critique on the Hegel's organism and individual -,연효숙(연세대학교),,헤겔연구,Hegel-Studien (Hegel-Yeongu),한국헤겔학회,Koreanische Hegel-Gesellschaft,등재,201312,(34),pp.259~280,,"개별자, 개체화, 유기체, 기관없는 신체, 횡단적 개체성","individual, individuation, organism, a body without organs, traversal individuality",철학,11,,
96,ART002704650,이음체의 관점에 기초한 민족과 민족주의의 한국적 재구성,Reconceptualization of Nation and Nationalism in Korean Context Based on the View of Seriality,이용승(대구대학교),,국제정치연구,THE JOURNAL OF INTERNATIONAL RELATIONS,동아시아국제정치학회,The East Asian Association Of International Studies (Eaais),등재,202103,24(1),pp.31~57,,"민족, 민족주의, 이음체, 개체화, 통합","Nation, Nationalism, Seriality, Individuation, Integration",정치외교학,0,,https://doi.org/10.15235/jir.2021.03.24.1.31
97,ART002291128,"인간과 디지털 존재의 관계: 관계의 물질성, 비소유성, 개체초월성","The Relationship between Human Beings and Digital Beings: Embodied, Non-possessive, and Transindividual Relationship",박선희(조선대학교),,한국언론정보학보,Korean Journal of Communication & Information,한국언론정보학회,,등재,201712,86(6),pp.42~68,,"디지털 존재, 인공지능, 포스트휴머니즘, 관계적 실재, 육화, 비소유성, 개체초월성, 영화 <그녀>","digital being, artificial intelligence, posthumanism, relational ontology, embodiment, non-possessiveness, transindividuality, movie <Her>",신문방송학,13,,10.46407/kjci.2017.12.86.42
98,ART002099030,들뢰즈에게 있어서 개체화의 문제에 관한 연구 - 둔스 스코투스의 <이것임>과 관련한 맥락에서,A Study on the Problem of the Individuation at Gilles Deleuze,신지영(경상대학교),,대동철학,Journal of the Daedong Philosophical Association,대동철학회,The Daedong Philosophical Association,등재,201603,(74),pp.75~101,,"개체화, 이것임, 형상적 구별, 사건, 강도.","Individuation, Thisness, Formal distinction, Event, Intensity.",철학,8,,http://dx.doi.org/10.20539/deadong.2016.74.04.
99,ART001344214,베르그손의 『창조적 진화』 다시 읽기 ― 들뢰즈의 해석을 중심으로 ―,Relire L'évolution créatrice selon l'interprétation de Deleuze,황수영(서울대학교),,철학,CHEOLHAK: Korean Journal of Philosophy,한국철학회,Korean Philosophical Association,등재,200905,(99),pp.175~198,,"진화, 잠재성, 배발생학, 차이, 강도, 개체화","évolution, virtualité, embryologie, différence, intensité, individuation",철학,3,,
100,ART001546787,들뢰즈에서 생명의 잠재성에 대한 형이상학적 의미,The Metaphyical Meaning of Virtuality of Life in Deleuze,연효숙(중앙대학교),,가톨릭철학,The Catholic Philosophy,한국가톨릭철학회,The Korean Associotion Of Philosophers,등재,201104,(16),pp.75~98,,"생명, 잠재성, 다양체, 발생, 분화, 개체성","life, virtuality, multiplicity, genesis, differenciation, individuality",철학,9,,
101,ART002469850,개체화론으로 바라본 영화의 패러디 - <레디 플레이어 원> 속 <샤이닝> -,Parody in the Film Viewed through the Theory of Individuation: <The Shining> in <Ready Player One>,박광택(건국대학교),배상준(건국대학교),글로벌문화콘텐츠,Global Cultural Contents,글로벌 문화콘텐츠학회,Academic Association of Global Cultural Contents,등재,201905,(39),pp.66~94,,"패러디, 초맥락화, 개체화론, <레디 플레이어 원>, <샤이닝>","parody, trans-contextualization, individuation, <Ready Player One>, <The Shining>",기타인문학,1,,https://doi.org/10.32611/jgcc.2019.5.39.66